Model,SHAP_Trend,IG_Trend,SHAP_IMF_Group1,IG_IMF_Group1,SHAP_IMF_Group2,IG_IMF_Group2,SHAP_Residual,IG_Residual
MLP,0.1641736615490926,0.277007,0.021247544187658337,0.04442512,0.008543346696335474,0.009675575,0.006202753076570861,0.012584057
RNN,0.1796501245457373,0.3916319,0.028371631026091196,0.1095513,0.02219806771634301,0.071850345,0.004420614959257969,0.0049212603
LSTM,0.16914419005901776,0.36723435,0.03138678632132025,0.11867483,0.016882493345041265,0.046700466,0.0036054542897557234,0.0041674934
BiLSTM,0.16578588603199745,0.35709676,0.026791692320408914,0.090979636,0.016959210678244775,0.05087856,0.004069408352172269,0.0042185886
GRU,0.16193044535187717,0.36517623,0.029586421985849286,0.113347895,0.015581100629472194,0.049576312,0.0063923552755877746,0.0074946005
TCN,0.1618674120724837,0.42678598,0.026240363151275252,0.25605252,0.01631552761028442,0.11184638,0.0040215928597168,0.040413305
Transformer,0.17378659600493113,0.34586254,0.034707499250243294,0.10931239,0.016725730757557674,0.041446503,0.007669839454825958,0.010533349
Informer,0.16173987388110003,0.34713843,0.03249294436062081,0.11564285,0.014843680550587386,0.044260778,0.005406278000378541,0.011507966
