Model,SHAP_t-9,IG_t-9,SHAP_t-8,IG_t-8,SHAP_t-7,IG_t-7,SHAP_t-6,IG_t-6,SHAP_t-5,IG_t-5,SHAP_t-4,IG_t-4,SHAP_t-3,IG_t-3,SHAP_t-2,IG_t-2,SHAP_t-1,IG_t-1,SHAP_t-0,IG_t-0
RNN,0.0012870381462871123,0.0028680842,0.0016228668975067828,0.004118744,0.0027439463626765014,0.006847136,0.00459324622121404,0.011459469,0.005351826601221233,0.01359687,0.002114314241006032,0.0066222204,0.011246953219310105,0.025817161,0.0349832103190432,0.07959208,0.07430301559339923,0.17108609,0.0963940206457652,0.2559469
LSTM,0.002686201455750204,0.006068019,0.0039804300594159575,0.008812452,0.005695436634851498,0.012478632,0.007990660730851595,0.017611323,0.011409766036823416,0.025241472,0.016566279746419645,0.037222728,0.024608994394693124,0.05706841,0.03651831186393927,0.08856752,0.05076065878472032,0.13018715,0.06080218430767004,0.15351957
BiLSTM,0.00043702946976632856,0.0007750269,0.0008565412173399889,0.0016206768,0.0015872050225345436,0.0031727275,0.002822062662969016,0.0059039523,0.005032851345992871,0.010623295,0.008796143410518677,0.018772794,0.015111297381113865,0.03322978,0.025734421981860173,0.05830805,0.042810853808961796,0.10189127,0.11041779108176611,0.2688759
GRU,0.005947984021856934,0.012538241,0.007973347985362417,0.017209893,0.0105025125130376,0.023181437,0.013633381723549807,0.030771077,0.017532866651131362,0.040536374,0.022082518951362623,0.05254362,0.02736959656499655,0.06747423,0.03327090300014554,0.08522279,0.03810311017033185,0.10300205,0.0370741016610117,0.10311533
TCN,0.00011798102650019769,0.00041034046,8.615508700879564e-05,0.00067619124,6.589305426497476e-05,0.0015585078,0.00010617146584423042,0.00055803766,7.515887683654056e-05,0.0015620732,0.0015739341681614994,0.04693287,0.0026724248577774056,0.22581366,0.0023421626791179846,0.09659457,0.0015730468827394504,0.044475265,0.19983196759550903,0.41651672
Transformer,0.013426418324971547,0.030928856,0.014358204065987555,0.032926276,0.017328711012155995,0.037913214,0.019079648615230763,0.040258504,0.01905355750177045,0.038018204,0.01886881618812147,0.03736254,0.02055761545709811,0.04213333,0.02562623131433339,0.05519317,0.035568723498541094,0.08042005,0.04902173948934777,0.11200061
Informer,0.015706925221119515,0.037979636,0.016825288232331776,0.04023436,0.017841910517110388,0.04218027,0.01768868400262309,0.041659918,0.017314222947049793,0.041079078,0.01763218713562606,0.042231116,0.020675875948759175,0.050064355,0.026427972240812246,0.064112455,0.03164760417980823,0.07814798,0.03272210636744654,0.08086093
