Model,SHAP_Trend,IG_Trend,SHAP_IMF_Group1,IG_IMF_Group1,SHAP_IMF_Group2,IG_IMF_Group2,SHAP_Residual,IG_Residual
MLP,0.14433882785326205,0.2448196,0.039927091915647465,0.055853132,0.018325722752786273,0.018455362,0.0033794155002981026,0.003918525
RNN,0.1559391998571072,0.36440492,0.05099259989260368,0.10276727,0.02943093096939488,0.06849126,0.006031841853073171,0.005237686
LSTM,0.14720737425781802,0.34116554,0.04908283790791199,0.085765295,0.02693515965427291,0.06287697,0.006282171098767106,0.0030680266
BiLSTM,0.14933849238715116,0.35125938,0.044676758683779426,0.07450437,0.027520322822390416,0.063182615,0.005924141475346708,0.0047656284
GRU,0.1530335732173616,0.35594332,0.04987289481493907,0.10015471,0.026013775437894373,0.057350416,0.004804695232517916,0.0047456063
TCN,0.14619478301204786,0.33393237,0.049608424751060295,0.096292436,0.026660860045785294,0.06825985,0.008360320348759224,0.025329571
Transformer,0.15027955804289533,0.33769745,0.05854575476258911,0.09660874,0.030935803508619603,0.060561918,0.007386381230114907,0.0047320905
Informer,0.14782412443326534,0.34778285,0.05186551830911955,0.09125203,0.024857052245480227,0.047625918,0.006233310573185213,0.003939077
