Model,SHAP_t-9,IG_t-9,SHAP_t-8,IG_t-8,SHAP_t-7,IG_t-7,SHAP_t-6,IG_t-6,SHAP_t-5,IG_t-5,SHAP_t-4,IG_t-4,SHAP_t-3,IG_t-3,SHAP_t-2,IG_t-2,SHAP_t-1,IG_t-1,SHAP_t-0,IG_t-0
RNN,0.0007909301236790249,0.0015396848,0.0022923813172553674,0.005013689,0.002981532129681732,0.005974202,0.001570452392228684,0.002947229,0.00510005385742334,0.009412044,0.006692038881662422,0.01302487,0.006435886115890895,0.008259689,0.025106620099300144,0.05444917,0.07341279289121007,0.17301117,0.11801188476384715,0.26726928
LSTM,0.003372612898145874,0.008336911,0.005839120288344008,0.013553501,0.0073984552731887355,0.016744748,0.007167979249894651,0.0154838525,0.004877678529962851,0.011372992,0.005629843859388983,0.015144109,0.013974921866133678,0.03469431,0.03011134294011891,0.069323614,0.0522471851243801,0.11221398,0.09888840288921222,0.19600795
BiLSTM,0.0006131214894110837,0.00090548606,0.0010812110152561762,0.0017919685,0.0017820411921305934,0.0031930148,0.0028552827412629727,0.005476885,0.004555300024174636,0.009628399,0.007633990283064584,0.017160695,0.013297340613237632,0.030219441,0.02412235069938497,0.05414115,0.044875612436750555,0.10099942,0.12664346487399455,0.27019566
GRU,0.007018493365308314,0.012789385,0.008064405133550773,0.015188291,0.00902777140373837,0.015559289,0.009337896099360305,0.013195004,0.008435492527110922,0.01028888,0.008428389058797114,0.014614685,0.014966420589401586,0.03724961,0.027879606461813075,0.0717413,0.049933368519668474,0.12414827,0.09063309554396402,0.2034193
TCN,7.756273326271047e-05,3.7861908e-05,9.015094959877091e-05,5.8719503e-05,9.799453155513838e-05,5.3762757e-05,0.00016624229232013846,9.026492e-05,6.968956767321824e-05,4.7223042e-05,0.0030014781169153465,0.022150293,0.005810466103020122,0.026810445,0.006305585191546092,0.05892139,0.004667513792297028,0.016362596,0.21053770487946388,0.3992818
Transformer,0.013607041944274057,0.03042856,0.013756201894479205,0.030606465,0.015185317571229828,0.032811463,0.01686261801009583,0.03454908,0.01669369655339866,0.0345513,0.016249874018069835,0.034607068,0.017465117702648452,0.03802009,0.024259611541552026,0.051063005,0.04273126665945269,0.08382578,0.07033675164901833,0.1291374
Informer,0.012953639446227632,0.030317074,0.012420836784034368,0.029128557,0.012621901509579831,0.029386548,0.013622703354573584,0.03145114,0.014348955802168986,0.034051683,0.015489218993130468,0.036934506,0.019438542416668095,0.0440871,0.027720497138378583,0.05871017,0.04297362538522315,0.08402703,0.05919008473106563,0.112506054
